{
  "spheres": [
    {
      "position": {"x": -5, "y": 1, "z": 0},
      "radius": 1.0,
      "material": {
        "type": 0,
        "color": {"r": 0.8, "g": 0.3, "b": 0.3}
      }
    },
    {
      "position": {"x": 0, "y": 1, "z": 0},
      "radius": 1.0,
      "material": {
        "type": 0,
        "color": {"r": 0.8, "g": 0.3, "b": 0.3}
      }
    },
    {
      "position": {"x": -4, "y": 1, "z": 0},
      "radius": 1.0,
      "material": {
        "type": 1,
        "color": {"r": 0.8, "g": 0.8, "b": 0.8},
        "fuzz": 0.1
      }
    },
    {
      "position": {"x": 4, "y": 1, "z": 0},
      "radius": 1.0,
      "material": {
        "type": 2,
        "refractive_index": 1.5
      }
    }
  ]
}
