{
  "spheres": [
    {
      "position": { "x": -4, "y": 1, "z": -3 },
      "radius": 1.0,
      "material": {
        "type": 1,
        "color": { "r": 0.8, "g": 0.8, "b": 0.8 },
        "fuzz": 0.4
      }
    },
    {
      "position": { "x": 0, "y": 1, "z": 0 },
      "radius": 1.0,
      "material": {
        "type": 0,
        "color": { "r": 0.7, "g": 0.3, "b": 0.3 }
      }
    },
    {
      "position": { "x": 3, "y": 1, "z": -2 },
      "radius": 1.0,
      "material": {
        "type": 1,
        "color": { "r": 0.1, "g": 0.2, "b": 0.5 },
        "fuzz": 0.3
      }
    },
    {
      "position": { "x": -2, "y": 1, "z": 2 },
      "radius": 1.0,
      "material": {
        "type": 2,
        "refractive_index": 1.5
      }
    },
    {
      "position": { "x": 5, "y": 1, "z": 5 },
      "radius": 2.0,
      "material": {
        "type": 0,
        "color": { "r": 0.4, "g": 0.9, "b": 0.4 }
      }
    }
  ]
}
