{
  "Spheres": [
    {
      "Center": { "x": -4, "y": 1, "z": -3 },
      "Radius": 1,
      "Material": {
        "MaterialType": 1,
        "Color": { "x": 0.8, "y": 0.8, "z": 0.8 },
        "Fuzz": 0.4
      }
    },
    {
      "Center": { "x": 0, "y": 1, "z": 0 },
      "Radius": 1,
      "Material": {
        "MaterialType": 0,
        "Color": { "x": 0.7, "y": 0.3, "z": 0.3 }
      }
    },
    {
      "Center": { "x": 3, "y": 1, "z": -2 },
      "Radius": 1,
      "Material": {
        "MaterialType": 1,
        "Color": { "x": 0.1, "y": 0.2, "z": 0.5 },
        "Fuzz": 0.3
      }
    },
    {
      "Center": { "x": -2, "y": 1, "z": 2 },
      "Radius": 1,
      "Material": {
        "MaterialType": 2,
        "RefractiveIndex": 1.5
      }
    }
  ]
}
