{
  "Camera": {
    "X": 0,
    "Y": -0.35,
    "Z": -1
  },
  "Objects": [
    {
      "Center": {
        "X": 0,
        "Y": 10000.5,
        "Z": 1
      },
      "Radius": 10000,
      "Material": {
        "X": 0,
        "Y": 0,
        "Z": 0,
        "Ambient": 0.2,
        "Diffuse": 1,
        "Specular": 1,
        "Reflection": 0.2,
        "SecondColor": {
          "X": 1,
          "Y": 1,
          "Z": 1
        },
        "Type": "chess"
      }
    },
    {
      "Center": {
        "X": 0,
        "Y": -0.1,
        "Z": 1
      },
      "Radius": 0.6,
      "Material": {
        "X": 0.11764705882352941,
        "Y": 0.5058823529411764,
        "Z": 0.6901960784313725,
        "Ambient": 0.05,
        "Diffuse": 1,
        "Specular": 1,
        "Reflection": 0.5,
        "SecondColor": {
          "X": 0,
          "Y": 0,
          "Z": 0
        },
        "Type": "standard"
      }
    },
    {
      "Center": {
        "X": -1.75,
        "Y": -0.1,
        "Z": 2.25
      },
      "Radius": 0.4,
      "Material": {
        "X": 0.5019607843137255,
        "Y": 0.2235294117647059,
        "Z": 0.5019607843137255,
        "Ambient": 0.05,
        "Diffuse": 1,
        "Specular": 1,
        "Reflection": 0.5,
        "SecondColor": {
          "X": 0,
          "Y": 0,
          "Z": 0
        },
        "Type": "standard"
      }
    },
    {
      "Center": {
        "X": 0.75,
        "Y": -0.5,
        "Z": 1
      },
      "Radius": 0.4,
      "Material": {
        "X": 0.5294117647058824,
        "Y": 0.24313725490196078,
        "Z": 0.13725490196078433,
        "Ambient": 0.05,
        "Diffuse": 1,
        "Specular": 1,
        "Reflection": 0.5,
        "SecondColor": {
          "X": 0,
          "Y": 0,
          "Z": 0
        },
        "Type": "standard"
      }
    }
  ],
  "Lights": [
    {
      "Position": {
        "X": 1.5,
        "Y": -0.5,
        "Z": -10
      },
      "X": 1,
      "Y": 1,
      "Z": 1
    },
    {
      "Position": {
        "X": -0.5,
        "Y": -10.5,
        "Z": 0
      },
      "X": 1,
      "Y": 1,
      "Z": 1
    }
  ]
}
